pja,GUBgCBOh
tja,WbobPbxl
kja,0qknOwHX
pjai,eYvAfhTA
tjai,246LYnyG
kjai,k37wnsvZ
pjaitja,GTdP0CKJ
fe,JpBU99H5
se,uzgEqR9p
the,LIRzTRyx
ndi,GF25J540
nde,RYZZxac2
nda,rk07m7sU
bze,rM2HTf0j
fau,zan1k7Gb
fthei,t5Y9jZhB
ki,k5yy53vj
ksa,p6gl41OS
prhi,1SwhcNcu
stø,c2sMpZ9Z
mna,lYZNclqm
klo,111szEf6
dhe,3MJLUPfs
va,SfcQvWHx
zvo,SwfMrDNx
miudre,4tam24lW
miu,49mwSlQd
dre,B0XJUEBG
dhemiudre,vspr6nXx
kibeu,ziii57Bq
beu,lP5YgZyq
gai,md8CaBDW
wi,tTQY6wjb
faute,kkNKMuhW
te,ADZqVjpq
bu,P6nJYgcW
vande,wbFNcBIE
vandi,eksHTrfW
vanda,20Lknorn
gaidhemiudre,D5VNEt3b
ka,NSKSeqbJ
na,BJN48sVw
kana,rSqSFFKe
thnø,GIC0KM5N
ghi,7LLJ4JZU
o,XgSjCNOk
e,kS4rOQWj
ljo,AwBiwcg1
eljo,UCtGZXQk
skwo,986SE2Sf
ry,GDpb9kwX
rhø,pul0stnK
rhøe,1ABnmvBY
klodhe,oSvD7nqJ
vathe,xDuanqm6
ksae,y1lElA5x
ei,XYtn1eUp
je,z0uIXa5w
ttho,kOU8UY0i
njy,iq1bHY8S
ngmoi,moL0Zmr6
ja,5b2Vk7F9
khu,z3wH4eM8
ple,zVzUdTXo